Name,Official Name,Capital,Region,Subregion,Population,Area (km²),Languages,Currencies,Timezones,Flag,UN Member
Botswana,Republic of Botswana,Gaborone,Africa,Southern Africa,2351625,582000.0,"English, Tswana",Botswana pula (P),UTC+02:00,https://flagcdn.com/w320/bw.png,True
Tonga,Kingdom of Tonga,Nuku'alofa,Oceania,Polynesia,105697,747.0,"English, Tongan",Tongan paʻanga (T$),UTC+13:00,https://flagcdn.com/w320/to.png,True
Greece,Hellenic Republic,Athens,Europe,Southern Europe,10715549,131990.0,Greek,Euro (€),UTC+02:00,https://flagcdn.com/w320/gr.png,True
Marshall Islands,Republic of the Marshall Islands,Majuro,Oceania,Micronesia,59194,181.0,"English, Marshallese",United States dollar ($),UTC+12:00,https://flagcdn.com/w320/mh.png,True
Belarus,Republic of Belarus,Minsk,Europe,Eastern Europe,9398861,207600.0,"Belarusian, Russian",Belarusian ruble (Br),UTC+03:00,https://flagcdn.com/w320/by.png,True
Republic of the Congo,Republic of the Congo,Brazzaville,Africa,Middle Africa,5657000,342000.0,"French, Kikongo, Lingala",Central African CFA franc (Fr),UTC+01:00,https://flagcdn.com/w320/cg.png,True
Tanzania,United Republic of Tanzania,Dodoma,Africa,Eastern Africa,59734213,945087.0,"English, Swahili",Tanzanian shilling (Sh),UTC+03:00,https://flagcdn.com/w320/tz.png,True
Liechtenstein,Principality of Liechtenstein,Vaduz,Europe,Western Europe,38137,160.0,German,Swiss franc (Fr),UTC+01:00,https://flagcdn.com/w320/li.png,True
Sint Maarten,Sint Maarten,Philipsburg,Americas,Caribbean,40812,34.0,"English, French, Dutch",Netherlands Antillean guilder (ƒ),UTC-04:00,https://flagcdn.com/w320/sx.png,False
Bosnia and Herzegovina,Bosnia and Herzegovina,Sarajevo,Europe,Southeast Europe,3280815,51209.0,"Bosnian, Croatian, Serbian",Bosnia and Herzegovina convertible mark (KM),UTC+01:00,https://flagcdn.com/w320/ba.png,True
Bahrain,Kingdom of Bahrain,Manama,Asia,Western Asia,1701583,765.0,Arabic,Bahraini dinar (.د.ب),UTC+03:00,https://flagcdn.com/w320/bh.png,True
Kenya,Republic of Kenya,Nairobi,Africa,Eastern Africa,53771300,580367.0,"English, Swahili",Kenyan shilling (Sh),UTC+03:00,https://flagcdn.com/w320/ke.png,True
Estonia,Republic of Estonia,Tallinn,Europe,Northern Europe,1331057,45227.0,Estonian,Euro (€),UTC+02:00,https://flagcdn.com/w320/ee.png,True
Qatar,State of Qatar,Doha,Asia,Western Asia,2881060,11586.0,Arabic,Qatari riyal (ر.ق),UTC+03:00,https://flagcdn.com/w320/qa.png,True
Poland,Republic of Poland,Warsaw,Europe,Central Europe,37950802,312679.0,Polish,Polish złoty (zł),UTC+01:00,https://flagcdn.com/w320/pl.png,True
Moldova,Republic of Moldova,Chișinău,Europe,Eastern Europe,2617820,33846.0,Romanian,Moldovan leu (L),UTC+02:00,https://flagcdn.com/w320/md.png,True
Jordan,Hashemite Kingdom of Jordan,Amman,Asia,Western Asia,10203140,89342.0,Arabic,Jordanian dinar (د.ا),UTC+03:00,https://flagcdn.com/w320/jo.png,True
Tunisia,Tunisian Republic,Tunis,Africa,Northern Africa,11818618,163610.0,Arabic,Tunisian dinar (د.ت),UTC+01:00,https://flagcdn.com/w320/tn.png,True
Paraguay,Republic of Paraguay,Asunción,Americas,South America,7132530,406752.0,"Guaraní, Spanish",Paraguayan guaraní (₲),UTC-04:00,https://flagcdn.com/w320/py.png,True
Malaysia,Malaysia,Kuala Lumpur,Asia,South-Eastern Asia,32365998,330803.0,"English, Malay",Malaysian ringgit (RM),UTC+08:00,https://flagcdn.com/w320/my.png,True
Cameroon,Republic of Cameroon,Yaoundé,Africa,Middle Africa,26545864,475442.0,"English, French",Central African CFA franc (Fr),UTC+01:00,https://flagcdn.com/w320/cm.png,True
Solomon Islands,Solomon Islands,Honiara,Oceania,Melanesia,686878,28896.0,English,Solomon Islands dollar ($),UTC+11:00,https://flagcdn.com/w320/sb.png,True
Mongolia,Mongolia,Ulan Bator,Asia,Eastern Asia,3278292,1564110.0,Mongolian,Mongolian tögrög (₮),"UTC+07:00, UTC+08:00",https://flagcdn.com/w320/mn.png,True
Vanuatu,Republic of Vanuatu,Port Vila,Oceania,Melanesia,307150,12189.0,"Bislama, English, French",Vanuatu vatu (Vt),UTC+11:00,https://flagcdn.com/w320/vu.png,True
Nepal,Federal Democratic Republic of Nepal,Kathmandu,Asia,Southern Asia,29136808,147181.0,Nepali,Nepalese rupee (₨),UTC+05:45,https://flagcdn.com/w320/np.png,True
Guam,Guam,Hagåtña,Oceania,Micronesia,168783,549.0,"Chamorro, English, Spanish",United States dollar ($),UTC+10:00,https://flagcdn.com/w320/gu.png,False
Lebanon,Lebanese Republic,Beirut,Asia,Western Asia,6825442,10452.0,"Arabic, French",Lebanese pound (ل.ل),UTC+02:00,https://flagcdn.com/w320/lb.png,True
Ivory Coast,Republic of Côte d'Ivoire,Yamoussoukro,Africa,Western Africa,26378275,322463.0,French,West African CFA franc (Fr),UTC,https://flagcdn.com/w320/ci.png,True
Ecuador,Republic of Ecuador,Quito,Americas,South America,17643060,276841.0,Spanish,United States dollar ($),"UTC-06:00, UTC-05:00",https://flagcdn.com/w320/ec.png,True
Palau,Republic of Palau,Ngerulmud,Oceania,Micronesia,18092,459.0,"English, Palauan",United States dollar ($),UTC+09:00,https://flagcdn.com/w320/pw.png,True
Kyrgyzstan,Kyrgyz Republic,Bishkek,Asia,Central Asia,6591600,199951.0,"Kyrgyz, Russian",Kyrgyzstani som (с),UTC+06:00,https://flagcdn.com/w320/kg.png,True
Egypt,Arab Republic of Egypt,Cairo,Africa,Northern Africa,102334403,1002450.0,Arabic,Egyptian pound (£),UTC+02:00,https://flagcdn.com/w320/eg.png,True
North Korea,Democratic People's Republic of Korea,Pyongyang,Asia,Eastern Asia,25778815,120538.0,Korean,North Korean won (₩),UTC+09:00,https://flagcdn.com/w320/kp.png,True
Senegal,Republic of Senegal,Dakar,Africa,Western Africa,16743930,196722.0,French,West African CFA franc (Fr),UTC,https://flagcdn.com/w320/sn.png,True
British Virgin Islands,Virgin Islands,Road Town,Americas,Caribbean,30237,151.0,English,United States dollar ($),UTC-04:00,https://flagcdn.com/w320/vg.png,False
Costa Rica,Republic of Costa Rica,San José,Americas,Central America,5094114,51100.0,Spanish,Costa Rican colón (₡),UTC-06:00,https://flagcdn.com/w320/cr.png,True
Guatemala,Republic of Guatemala,Guatemala City,Americas,Central America,16858333,108889.0,Spanish,Guatemalan quetzal (Q),UTC-06:00,https://flagcdn.com/w320/gt.png,True
China,People's Republic of China,Beijing,Asia,Eastern Asia,1402112000,9706961.0,Chinese,Chinese yuan (¥),UTC+08:00,https://flagcdn.com/w320/cn.png,True
Kazakhstan,Republic of Kazakhstan,Astana,Asia,Central Asia,18754440,2724900.0,"Kazakh, Russian",Kazakhstani tenge (₸),"UTC+05:00, UTC+06:00",https://flagcdn.com/w320/kz.png,True
Cape Verde,Republic of Cabo Verde,Praia,Africa,Western Africa,555988,4033.0,Portuguese,Cape Verdean escudo (Esc),UTC-01:00,https://flagcdn.com/w320/cv.png,True
Vatican City,Vatican City State,Vatican City,Europe,Southern Europe,451,0.44,"Italian, Latin",Euro (€),UTC+01:00,https://flagcdn.com/w320/va.png,False
Bhutan,Kingdom of Bhutan,Thimphu,Asia,Southern Asia,771612,38394.0,Dzongkha,"Bhutanese ngultrum (Nu.), Indian rupee (₹)",UTC+06:00,https://flagcdn.com/w320/bt.png,True
Colombia,Republic of Colombia,Bogotá,Americas,South America,50882884,1141748.0,Spanish,Colombian peso ($),UTC-05:00,https://flagcdn.com/w320/co.png,True
Grenada,Grenada,St. George's,Americas,Caribbean,112519,344.0,English,Eastern Caribbean dollar ($),UTC-04:00,https://flagcdn.com/w320/gd.png,True
Northern Mariana Islands,Commonwealth of the Northern Mariana Islands,Saipan,Oceania,Micronesia,57557,464.0,"Carolinian, Chamorro, English",United States dollar ($),UTC+10:00,https://flagcdn.com/w320/mp.png,False
Papua New Guinea,Independent State of Papua New Guinea,Port Moresby,Oceania,Melanesia,8947027,462840.0,"English, Hiri Motu, Tok Pisin",Papua New Guinean kina (K),UTC+10:00,https://flagcdn.com/w320/pg.png,True
Antarctica,Antarctica,,Antarctic,,1000,14000000.0,,,"UTC-03:00, UTC+03:00, UTC+05:00, UTC+06:00, UTC+07:00, UTC+08:00, UTC+10:00, UTC+12:00",https://flagcdn.com/w320/aq.png,False
South Africa,Republic of South Africa,"Pretoria, Bloemfontein, Cape Town",Africa,Southern Africa,59308690,1221037.0,"Afrikaans, English, Southern Ndebele, Northern Sotho, Southern Sotho, Swazi, Tswana, Tsonga, Venda, Xhosa, Zulu",South African rand (R),UTC+02:00,https://flagcdn.com/w320/za.png,True
Guinea,Republic of Guinea,Conakry,Africa,Western Africa,13132792,245857.0,French,Guinean franc (Fr),UTC,https://flagcdn.com/w320/gn.png,True
Hong Kong,Hong Kong Special Administrative Region of the People's Republic of China,City of Victoria,Asia,Eastern Asia,7500700,1104.0,"English, Chinese",Hong Kong dollar ($),UTC+08:00,https://flagcdn.com/w320/hk.png,False
Chad,Republic of Chad,N'Djamena,Africa,Middle Africa,16425859,1284000.0,"Arabic, French",Central African CFA franc (Fr),UTC+01:00,https://flagcdn.com/w320/td.png,True
"Saint Helena, Ascension and Tristan da Cunha","Saint Helena, Ascension and Tristan da Cunha",Jamestown,Africa,Western Africa,53192,394.0,English,"Pound sterling (£), Saint Helena pound (£)",UTC+00:00,https://flagcdn.com/w320/sh.png,False
Honduras,Republic of Honduras,Tegucigalpa,Americas,Central America,9904608,112492.0,Spanish,Honduran lempira (L),UTC-06:00,https://flagcdn.com/w320/hn.png,True
Montenegro,Montenegro,Podgorica,Europe,Southeast Europe,621718,13812.0,Montenegrin,Euro (€),UTC+01:00,https://flagcdn.com/w320/me.png,True
Morocco,Kingdom of Morocco,Rabat,Africa,Northern Africa,36910558,446550.0,"Arabic, Berber",Moroccan dirham (د.م.),UTC,https://flagcdn.com/w320/ma.png,True
Nicaragua,Republic of Nicaragua,Managua,Americas,Central America,6624554,130373.0,Spanish,Nicaraguan córdoba (C$),UTC-06:00,https://flagcdn.com/w320/ni.png,True
Cayman Islands,Cayman Islands,George Town,Americas,Caribbean,65720,264.0,English,Cayman Islands dollar ($),UTC-05:00,https://flagcdn.com/w320/ky.png,False
Luxembourg,Grand Duchy of Luxembourg,Luxembourg,Europe,Western Europe,632275,2586.0,"German, French, Luxembourgish",Euro (€),UTC+01:00,https://flagcdn.com/w320/lu.png,True
Guyana,Co-operative Republic of Guyana,Georgetown,Americas,South America,786559,214969.0,English,Guyanese dollar ($),UTC-04:00,https://flagcdn.com/w320/gy.png,True
Bulgaria,Republic of Bulgaria,Sofia,Europe,Southeast Europe,6927288,110879.0,Bulgarian,Bulgarian lev (лв),UTC+02:00,https://flagcdn.com/w320/bg.png,True
Ghana,Republic of Ghana,Accra,Africa,Western Africa,31072945,238533.0,English,Ghanaian cedi (₵),UTC,https://flagcdn.com/w320/gh.png,True
Finland,Republic of Finland,Helsinki,Europe,Northern Europe,5530719,338424.0,"Finnish, Swedish",Euro (€),UTC+02:00,https://flagcdn.com/w320/fi.png,True
Seychelles,Republic of Seychelles,Victoria,Africa,Eastern Africa,98462,452.0,"Seychellois Creole, English, French",Seychellois rupee (₨),UTC+04:00,https://flagcdn.com/w320/sc.png,True
United States Virgin Islands,Virgin Islands of the United States,Charlotte Amalie,Americas,Caribbean,106290,347.0,English,United States dollar ($),UTC-04:00,https://flagcdn.com/w320/vi.png,False
Ethiopia,Federal Democratic Republic of Ethiopia,Addis Ababa,Africa,Eastern Africa,114963583,1104300.0,Amharic,Ethiopian birr (Br),UTC+03:00,https://flagcdn.com/w320/et.png,True
Mauritania,Islamic Republic of Mauritania,Nouakchott,Africa,Western Africa,4649660,1030700.0,Arabic,Mauritanian ouguiya (UM),UTC,https://flagcdn.com/w320/mr.png,True
Iceland,Iceland,Reykjavik,Europe,Northern Europe,366425,103000.0,Icelandic,Icelandic króna (kr),UTC,https://flagcdn.com/w320/is.png,True
Réunion,Réunion Island,Saint-Denis,Africa,Eastern Africa,840974,2511.0,French,Euro (€),UTC+04:00,https://flagcdn.com/w320/re.png,False
Tajikistan,Republic of Tajikistan,Dushanbe,Asia,Central Asia,9537642,143100.0,"Russian, Tajik",Tajikistani somoni (ЅМ),UTC+05:00,https://flagcdn.com/w320/tj.png,True
Cuba,Republic of Cuba,Havana,Americas,Caribbean,11326616,109884.0,Spanish,"Cuban convertible peso ($), Cuban peso ($)",UTC-05:00,https://flagcdn.com/w320/cu.png,True
Somalia,Federal Republic of Somalia,Mogadishu,Africa,Eastern Africa,15893219,637657.0,"Arabic, Somali",Somali shilling (Sh),UTC+03:00,https://flagcdn.com/w320/so.png,True
Switzerland,Swiss Confederation,Bern,Europe,Western Europe,8654622,41284.0,"French, Swiss German, Italian, Romansh",Swiss franc (Fr.),UTC+01:00,https://flagcdn.com/w320/ch.png,True
Christmas Island,Territory of Christmas Island,Flying Fish Cove,Oceania,Australia and New Zealand,2072,135.0,English,Australian dollar ($),UTC+07:00,https://flagcdn.com/w320/cx.png,False
Martinique,Martinique,Fort-de-France,Americas,Caribbean,378243,1128.0,French,Euro (€),UTC-04:00,https://flagcdn.com/w320/mq.png,False
Australia,Commonwealth of Australia,Canberra,Oceania,Australia and New Zealand,25687041,7692024.0,English,Australian dollar ($),"UTC+05:00, UTC+06:30, UTC+07:00, UTC+08:00, UTC+09:30, UTC+10:00, UTC+10:30, UTC+11:30",https://flagcdn.com/w320/au.png,True
Benin,Republic of Benin,Porto-Novo,Africa,Western Africa,12123198,112622.0,French,West African CFA franc (Fr),UTC+01:00,https://flagcdn.com/w320/bj.png,True
Laos,Lao People's Democratic Republic,Vientiane,Asia,South-Eastern Asia,7275556,236800.0,Lao,Lao kip (₭),UTC+07:00,https://flagcdn.com/w320/la.png,True
Sudan,Republic of the Sudan,Khartoum,Africa,Northern Africa,43849269,1886068.0,"Arabic, English",Sudanese pound (ج.س),UTC+03:00,https://flagcdn.com/w320/sd.png,True
Libya,State of Libya,Tripoli,Africa,Northern Africa,6871287,1759540.0,Arabic,Libyan dinar (ل.د),UTC+01:00,https://flagcdn.com/w320/ly.png,True
Mali,Republic of Mali,Bamako,Africa,Western Africa,20250834,1240192.0,French,West African CFA franc (Fr),UTC,https://flagcdn.com/w320/ml.png,True
Peru,Republic of Peru,Lima,Americas,South America,32971846,1285216.0,"Aymara, Quechua, Spanish",Peruvian sol (S/ ),UTC-05:00,https://flagcdn.com/w320/pe.png,True
Hungary,Hungary,Budapest,Europe,Central Europe,9749763,93028.0,Hungarian,Hungarian forint (Ft),UTC+01:00,https://flagcdn.com/w320/hu.png,True
Bermuda,Bermuda,Hamilton,Americas,North America,63903,54.0,English,Bermudian dollar ($),UTC-04:00,https://flagcdn.com/w320/bm.png,False
Fiji,Republic of Fiji,Suva,Oceania,Melanesia,896444,18272.0,"English, Fijian, Fiji Hindi",Fijian dollar ($),UTC+12:00,https://flagcdn.com/w320/fj.png,True
Netherlands,Kingdom of the Netherlands,Amsterdam,Europe,Western Europe,16655799,41850.0,Dutch,Euro (€),UTC+01:00,https://flagcdn.com/w320/nl.png,True
Nigeria,Federal Republic of Nigeria,Abuja,Africa,Western Africa,206139587,923768.0,English,Nigerian naira (₦),UTC+01:00,https://flagcdn.com/w320/ng.png,True
Portugal,Portuguese Republic,Lisbon,Europe,Southern Europe,10305564,92090.0,Portuguese,Euro (€),"UTC-01:00, UTC",https://flagcdn.com/w320/pt.png,True
India,Republic of India,New Delhi,Asia,Southern Asia,1380004385,3287590.0,"English, Hindi, Tamil",Indian rupee (₹),UTC+05:30,https://flagcdn.com/w320/in.png,True
South Georgia,South Georgia and the South Sandwich Islands,King Edward Point,Antarctic,,30,3903.0,English,British pound (£),UTC-02:00,https://flagcdn.com/w320/gs.png,False
Lesotho,Kingdom of Lesotho,Maseru,Africa,Southern Africa,2142252,30355.0,"English, Sotho","Lesotho loti (L), South African rand (R)",UTC+02:00,https://flagcdn.com/w320/ls.png,True
Zambia,Republic of Zambia,Lusaka,Africa,Eastern Africa,18383956,752612.0,English,Zambian kwacha (ZK),UTC+02:00,https://flagcdn.com/w320/zm.png,True
Tokelau,Tokelau,Fakaofo,Oceania,Polynesia,1411,12.0,"English, Samoan, Tokelauan",New Zealand dollar ($),UTC+13:00,https://flagcdn.com/w320/tk.png,False
Gambia,Republic of the Gambia,Banjul,Africa,Western Africa,2416664,10689.0,English,dalasi (D),UTC+00:00,https://flagcdn.com/w320/gm.png,True
Sierra Leone,Republic of Sierra Leone,Freetown,Africa,Western Africa,7976985,71740.0,English,Leone (Le),UTC,https://flagcdn.com/w320/sl.png,True
Kiribati,Independent and Sovereign Republic of Kiribati,South Tarawa,Oceania,Micronesia,119446,811.0,"English, Gilbertese","Australian dollar ($), Kiribati dollar ($)","UTC+12:00, UTC+13:00, UTC+14:00",https://flagcdn.com/w320/ki.png,True
Norway,Kingdom of Norway,Oslo,Europe,Northern Europe,5379475,323802.0,"Norwegian Nynorsk, Norwegian Bokmål, Sami",Norwegian krone (kr),UTC+01:00,https://flagcdn.com/w320/no.png,True
Ireland,Republic of Ireland,Dublin,Europe,Northern Europe,4994724,70273.0,"English, Irish",Euro (€),UTC,https://flagcdn.com/w320/ie.png,True
Greenland,Greenland,Nuuk,Americas,North America,56367,2166086.0,Greenlandic,krone (kr.),"UTC-04:00, UTC-03:00, UTC-01:00, UTC+00:00",https://flagcdn.com/w320/gl.png,False
British Indian Ocean Territory,British Indian Ocean Territory,Diego Garcia,Africa,Eastern Africa,3000,60.0,English,United States dollar ($),UTC+06:00,https://flagcdn.com/w320/io.png,False
Mozambique,Republic of Mozambique,Maputo,Africa,Eastern Africa,31255435,801590.0,Portuguese,Mozambican metical (MT),UTC+02:00,https://flagcdn.com/w320/mz.png,True
Panama,Republic of Panama,Panama City,Americas,Central America,4314768,75417.0,Spanish,"Panamanian balboa (B/.), United States dollar ($)",UTC-05:00,https://flagcdn.com/w320/pa.png,True
Ukraine,Ukraine,Kyiv,Europe,Eastern Europe,44134693,603500.0,Ukrainian,Ukrainian hryvnia (₴),UTC+02:00,https://flagcdn.com/w320/ua.png,True
Uruguay,Oriental Republic of Uruguay,Montevideo,Americas,South America,3473727,181034.0,Spanish,Uruguayan peso ($),UTC-03:00,https://flagcdn.com/w320/uy.png,True
Aruba,Aruba,Oranjestad,Americas,Caribbean,106766,180.0,"Dutch, Papiamento",Aruban florin (ƒ),UTC-04:00,https://flagcdn.com/w320/aw.png,False
Iran,Islamic Republic of Iran,Tehran,Asia,Southern Asia,83992953,1648195.0,Persian (Farsi),Iranian rial (﷼),UTC+03:30,https://flagcdn.com/w320/ir.png,True
Isle of Man,Isle of Man,Douglas,Europe,Northern Europe,85032,572.0,"English, Manx","British pound (£), Manx pound (£)",UTC+00:00,https://flagcdn.com/w320/im.png,False
Åland Islands,Åland Islands,Mariehamn,Europe,Northern Europe,29458,1580.0,Swedish,Euro (€),UTC+02:00,https://flagcdn.com/w320/ax.png,False
Saudi Arabia,Kingdom of Saudi Arabia,Riyadh,Asia,Western Asia,34813867,2149690.0,Arabic,Saudi riyal (ر.س),UTC+03:00,https://flagcdn.com/w320/sa.png,True
Djibouti,Republic of Djibouti,Djibouti,Africa,Eastern Africa,988002,23200.0,"Arabic, French",Djiboutian franc (Fr),UTC+03:00,https://flagcdn.com/w320/dj.png,True
Italy,Italian Republic,Rome,Europe,Southern Europe,59554023,301336.0,"Italian, Catalan",Euro (€),UTC+01:00,https://flagcdn.com/w320/it.png,True
Canada,Canada,Ottawa,Americas,North America,38005238,9984670.0,"English, French",Canadian dollar ($),"UTC-08:00, UTC-07:00, UTC-06:00, UTC-05:00, UTC-04:00, UTC-03:30",https://flagcdn.com/w320/ca.png,True
Jamaica,Jamaica,Kingston,Americas,Caribbean,2961161,10991.0,"English, Jamaican Patois",Jamaican dollar ($),UTC-05:00,https://flagcdn.com/w320/jm.png,True
Niger,Republic of Niger,Niamey,Africa,Western Africa,24206636,1267000.0,French,West African CFA franc (Fr),UTC+01:00,https://flagcdn.com/w320/ne.png,True
Afghanistan,Islamic Republic of Afghanistan,Kabul,Asia,Southern Asia,40218234,652230.0,"Dari, Pashto, Turkmen",Afghan afghani (؋),UTC+04:30,https://upload.wikimedia.org/wikipedia/commons/thumb/5/5c/Flag_of_the_Taliban.svg/320px-Flag_of_the_Taliban.svg.png,True
Croatia,Republic of Croatia,Zagreb,Europe,Southeast Europe,4047200,56594.0,Croatian,Euro (€),UTC+01:00,https://flagcdn.com/w320/hr.png,True
Latvia,Republic of Latvia,Riga,Europe,Northern Europe,1901548,64559.0,Latvian,Euro (€),UTC+02:00,https://flagcdn.com/w320/lv.png,True
Samoa,Independent State of Samoa,Apia,Oceania,Polynesia,198410,2842.0,"English, Samoan",Samoan tālā (T),UTC+13:00,https://flagcdn.com/w320/ws.png,True
Curaçao,Country of Curaçao,Willemstad,Americas,Caribbean,155014,444.0,"English, Dutch, Papiamento",Netherlands Antillean guilder (ƒ),UTC-04:00,https://flagcdn.com/w320/cw.png,False
Cyprus,Republic of Cyprus,Nicosia,Europe,Southern Europe,1207361,9251.0,"Greek, Turkish",Euro (€),UTC+02:00,https://flagcdn.com/w320/cy.png,True
Madagascar,Republic of Madagascar,Antananarivo,Africa,Eastern Africa,27691019,587041.0,"French, Malagasy",Malagasy ariary (Ar),UTC+03:00,https://flagcdn.com/w320/mg.png,True
Uzbekistan,Republic of Uzbekistan,Tashkent,Asia,Central Asia,34232050,447400.0,"Russian, Uzbek",Uzbekistani soʻm (so'm),UTC+05:00,https://flagcdn.com/w320/uz.png,True
Macau,Macao Special Administrative Region of the People's Republic of China,,Asia,Eastern Asia,649342,30.0,"Portuguese, Chinese",Macanese pataca (P),UTC+08:00,https://flagcdn.com/w320/mo.png,False
Micronesia,Federated States of Micronesia,Palikir,Oceania,Micronesia,115021,702.0,English,United States dollar ($),"UTC+10:00, UTC+11:00",https://flagcdn.com/w320/fm.png,True
Maldives,Republic of the Maldives,Malé,Asia,Southern Asia,540542,300.0,Maldivian,Maldivian rufiyaa (.ރ),UTC+05:00,https://flagcdn.com/w320/mv.png,True
Slovenia,Republic of Slovenia,Ljubljana,Europe,Central Europe,2100126,20273.0,Slovene,Euro (€),UTC+01:00,https://flagcdn.com/w320/si.png,True
Andorra,Principality of Andorra,Andorra la Vella,Europe,Southern Europe,77265,468.0,Catalan,Euro (€),UTC+01:00,https://flagcdn.com/w320/ad.png,True
Eritrea,State of Eritrea,Asmara,Africa,Eastern Africa,5352000,117600.0,"Arabic, English, Tigrinya",Eritrean nakfa (Nfk),UTC+03:00,https://flagcdn.com/w320/er.png,True
Guinea-Bissau,Republic of Guinea-Bissau,Bissau,Africa,Western Africa,1967998,36125.0,"Portuguese, Upper Guinea Creole",West African CFA franc (Fr),UTC,https://flagcdn.com/w320/gw.png,False
Kuwait,State of Kuwait,Kuwait City,Asia,Western Asia,4270563,17818.0,Arabic,Kuwaiti dinar (د.ك),UTC+03:00,https://flagcdn.com/w320/kw.png,True
Gabon,Gabonese Republic,Libreville,Africa,Middle Africa,2225728,267668.0,French,Central African CFA franc (Fr),UTC+01:00,https://flagcdn.com/w320/ga.png,True
Yemen,Republic of Yemen,Sana'a,Asia,Western Asia,29825968,527968.0,Arabic,Yemeni rial (﷼),UTC+03:00,https://flagcdn.com/w320/ye.png,True
Cocos (Keeling) Islands,Territory of the Cocos (Keeling) Islands,West Island,Oceania,Australia and New Zealand,544,14.0,English,Australian dollar ($),UTC+06:30,https://flagcdn.com/w320/cc.png,False
Timor-Leste,Democratic Republic of Timor-Leste,Dili,Asia,South-Eastern Asia,1318442,14874.0,"Portuguese, Tetum",United States dollar ($),UTC+09:00,https://flagcdn.com/w320/tl.png,True
Slovakia,Slovak Republic,Bratislava,Europe,Central Europe,5458827,49037.0,Slovak,Euro (€),UTC+01:00,https://flagcdn.com/w320/sk.png,True
Rwanda,Republic of Rwanda,Kigali,Africa,Eastern Africa,12952209,26338.0,"English, French, Kinyarwanda",Rwandan franc (Fr),UTC+02:00,https://flagcdn.com/w320/rw.png,True
Antigua and Barbuda,Antigua and Barbuda,Saint John's,Americas,Caribbean,97928,442.0,English,Eastern Caribbean dollar ($),UTC-04:00,https://flagcdn.com/w320/ag.png,True
Togo,Togolese Republic,Lomé,Africa,Western Africa,8278737,56785.0,French,West African CFA franc (Fr),UTC,https://flagcdn.com/w320/tg.png,True
Syria,Syrian Arab Republic,Damascus,Asia,Western Asia,17500657,185180.0,Arabic,Syrian pound (£),UTC+02:00,https://flagcdn.com/w320/sy.png,True
Guadeloupe,Guadeloupe,Basse-Terre,Americas,Caribbean,400132,1628.0,French,Euro (€),UTC-04:00,https://flagcdn.com/w320/gp.png,False
Turkmenistan,Turkmenistan,Ashgabat,Asia,Central Asia,6031187,488100.0,"Russian, Turkmen",Turkmenistan manat (m),UTC+05:00,https://flagcdn.com/w320/tm.png,True
Sri Lanka,Democratic Socialist Republic of Sri Lanka,Sri Jayawardenepura Kotte,Asia,Southern Asia,21919000,65610.0,"Sinhala, Tamil",Sri Lankan rupee (Rs  රු),UTC+05:30,https://flagcdn.com/w320/lk.png,True
United States,United States of America,"Washington, D.C.",Americas,North America,329484123,9372610.0,English,United States dollar ($),"UTC-12:00, UTC-11:00, UTC-10:00, UTC-09:00, UTC-08:00, UTC-07:00, UTC-06:00, UTC-05:00, UTC-04:00, UTC+10:00, UTC+12:00",https://flagcdn.com/w320/us.png,True
Argentina,Argentine Republic,Buenos Aires,Americas,South America,45376763,2780400.0,"Guaraní, Spanish",Argentine peso ($),UTC-03:00,https://flagcdn.com/w320/ar.png,True
South Sudan,Republic of South Sudan,Juba,Africa,Middle Africa,11193729,619745.0,English,South Sudanese pound (£),UTC+03:00,https://flagcdn.com/w320/ss.png,True
Palestine,State of Palestine,"Ramallah, Jerusalem",Asia,Western Asia,4803269,6220.0,Arabic,"Egyptian pound (E£), Israeli new shekel (₪), Jordanian dinar (JD)",UTC+02:00,https://flagcdn.com/w320/ps.png,False
Georgia,Georgia,Tbilisi,Asia,Western Asia,3714000,69700.0,Georgian,lari (₾),UTC+04:00,https://flagcdn.com/w320/ge.png,True
Japan,Japan,Tokyo,Asia,Eastern Asia,125836021,377930.0,Japanese,Japanese yen (¥),UTC+09:00,https://flagcdn.com/w320/jp.png,True
Sweden,Kingdom of Sweden,Stockholm,Europe,Northern Europe,10353442,450295.0,Swedish,Swedish krona (kr),UTC+01:00,https://flagcdn.com/w320/se.png,True
Chile,Republic of Chile,Santiago,Americas,South America,19116209,756102.0,Spanish,Chilean peso ($),"UTC-06:00, UTC-04:00",https://flagcdn.com/w320/cl.png,True
Saint Kitts and Nevis,Federation of Saint Christopher and Nevis,Basseterre,Americas,Caribbean,53192,261.0,English,Eastern Caribbean dollar ($),UTC-04:00,https://flagcdn.com/w320/kn.png,True
Denmark,Kingdom of Denmark,Copenhagen,Europe,Northern Europe,5831404,43094.0,Danish,Danish krone (kr),"UTC-04:00, UTC-03:00, UTC-01:00, UTC, UTC+01:00",https://flagcdn.com/w320/dk.png,True
United States Minor Outlying Islands,United States Minor Outlying Islands,Washington DC,Americas,North America,300,34.2,English,United States dollar ($),"UTC-11:00, UTC-10:00, UTC+12:00",https://flagcdn.com/w320/um.png,False
American Samoa,American Samoa,Pago Pago,Oceania,Polynesia,55197,199.0,"English, Samoan",United States dollar ($),UTC-11:00,https://flagcdn.com/w320/as.png,False
Anguilla,Anguilla,The Valley,Americas,Caribbean,13452,91.0,English,Eastern Caribbean dollar ($),UTC-04:00,https://flagcdn.com/w320/ai.png,False
Philippines,Republic of the Philippines,Manila,Asia,South-Eastern Asia,109581085,342353.0,"English, Filipino",Philippine peso (₱),UTC+08:00,https://flagcdn.com/w320/ph.png,True
Bolivia,Plurinational State of Bolivia,Sucre,Americas,South America,11673029,1098581.0,"Aymara, Guaraní, Quechua, Spanish",Bolivian boliviano (Bs.),UTC-04:00,https://flagcdn.com/w320/bo.png,True
São Tomé and Príncipe,Democratic Republic of São Tomé and Príncipe,São Tomé,Africa,Middle Africa,219161,964.0,Portuguese,São Tomé and Príncipe dobra (Db),UTC,https://flagcdn.com/w320/st.png,True
Montserrat,Montserrat,Plymouth,Americas,Caribbean,4922,102.0,English,Eastern Caribbean dollar ($),UTC-04:00,https://flagcdn.com/w320/ms.png,False
Myanmar,Republic of the Union of Myanmar,Naypyidaw,Asia,South-Eastern Asia,54409794,676578.0,Burmese,Burmese kyat (Ks),UTC+06:30,https://flagcdn.com/w320/mm.png,True
Niue,Niue,Alofi,Oceania,Polynesia,1470,260.0,"English, Niuean",New Zealand dollar ($),UTC-11:00,https://flagcdn.com/w320/nu.png,False
Israel,State of Israel,Jerusalem,Asia,Western Asia,9216900,20770.0,"Arabic, Hebrew",Israeli new shekel (₪),UTC+02:00,https://flagcdn.com/w320/il.png,True
Heard Island and McDonald Islands,Heard Island and McDonald Islands,,Antarctic,,0,412.0,English,,UTC+05:00,https://flagcdn.com/w320/hm.png,False
Comoros,Union of the Comoros,Moroni,Africa,Eastern Africa,869595,1862.0,"Arabic, French, Comorian",Comorian franc (Fr),UTC+03:00,https://flagcdn.com/w320/km.png,True
Saint Vincent and the Grenadines,Saint Vincent and the Grenadines,Kingstown,Americas,Caribbean,110947,389.0,English,Eastern Caribbean dollar ($),UTC-04:00,https://flagcdn.com/w320/vc.png,True
Vietnam,Socialist Republic of Vietnam,Hanoi,Asia,South-Eastern Asia,97338583,331212.0,Vietnamese,Vietnamese đồng (₫),UTC+07:00,https://flagcdn.com/w320/vn.png,True
Caribbean Netherlands,"Bonaire, Sint Eustatius and Saba",Kralendijk,Americas,Caribbean,25987,328.0,"English, Dutch, Papiamento",United States dollar ($),UTC-04:00,https://flagcdn.com/w320/bq.png,False
Jersey,Bailiwick of Jersey,Saint Helier,Europe,Northern Europe,100800,116.0,"English, French, Jèrriais","British pound (£), Jersey pound (£)",UTC+01:00,https://flagcdn.com/w320/je.png,False
Falkland Islands,Falkland Islands,Stanley,Americas,South America,2563,12173.0,English,Falkland Islands pound (£),UTC-04:00,https://flagcdn.com/w320/fk.png,False
Armenia,Republic of Armenia,Yerevan,Asia,Western Asia,2963234,29743.0,Armenian,Armenian dram (֏),UTC+04:00,https://flagcdn.com/w320/am.png,True
Kosovo,Republic of Kosovo,Pristina,Europe,Southeast Europe,1775378,10908.0,"Albanian, Serbian",Euro (€),UTC+01:00,https://flagcdn.com/w320/xk.png,False
Bouvet Island,Bouvet Island,,Antarctic,,0,49.0,Norwegian,,UTC+01:00,https://flagcdn.com/w320/bv.png,False
Venezuela,Bolivarian Republic of Venezuela,Caracas,Americas,South America,28435943,916445.0,Spanish,Venezuelan bolívar soberano (Bs.S.),UTC-04:00,https://flagcdn.com/w320/ve.png,True
Belgium,Kingdom of Belgium,Brussels,Europe,Western Europe,11555997,30528.0,"German, French, Dutch",Euro (€),UTC+01:00,https://flagcdn.com/w320/be.png,True
Burkina Faso,Burkina Faso,Ouagadougou,Africa,Western Africa,20903278,272967.0,French,West African CFA franc (Fr),UTC,https://flagcdn.com/w320/bf.png,True
Algeria,People's Democratic Republic of Algeria,Algiers,Africa,Northern Africa,44700000,2381741.0,Arabic,Algerian dinar (د.ج),UTC+01:00,https://flagcdn.com/w320/dz.png,True
France,French Republic,Paris,Europe,Western Europe,67391582,551695.0,French,Euro (€),"UTC-10:00, UTC-09:30, UTC-09:00, UTC-08:00, UTC-04:00, UTC-03:00, UTC+01:00, UTC+02:00, UTC+03:00, UTC+04:00, UTC+05:00, UTC+10:00, UTC+11:00, UTC+12:00",https://flagcdn.com/w320/fr.png,True
Saint Pierre and Miquelon,Saint Pierre and Miquelon,Saint-Pierre,Americas,North America,6069,242.0,French,Euro (€),UTC-03:00,https://flagcdn.com/w320/pm.png,False
Pakistan,Islamic Republic of Pakistan,Islamabad,Asia,Southern Asia,220892331,881912.0,"English, Urdu",Pakistani rupee (₨),UTC+05:00,https://flagcdn.com/w320/pk.png,True
El Salvador,Republic of El Salvador,San Salvador,Americas,Central America,6486201,21041.0,Spanish,United States dollar ($),UTC-06:00,https://flagcdn.com/w320/sv.png,True
North Macedonia,Republic of North Macedonia,Skopje,Europe,Southeast Europe,2077132,25713.0,Macedonian,denar (den),UTC+01:00,https://flagcdn.com/w320/mk.png,True
Brunei,"Nation of Brunei, Abode of Peace",Bandar Seri Begawan,Asia,South-Eastern Asia,437483,5765.0,Malay,"Brunei dollar ($), Singapore dollar ($)",UTC+08:00,https://flagcdn.com/w320/bn.png,True
Central African Republic,Central African Republic,Bangui,Africa,Middle Africa,4829764,622984.0,"French, Sango",Central African CFA franc (Fr),UTC+01:00,https://flagcdn.com/w320/cf.png,True
Uganda,Republic of Uganda,Kampala,Africa,Eastern Africa,45741000,241550.0,"English, Swahili",Ugandan shilling (Sh),UTC+03:00,https://flagcdn.com/w320/ug.png,True
Wallis and Futuna,Territory of the Wallis and Futuna Islands,Mata-Utu,Oceania,Polynesia,11750,142.0,French,CFP franc (₣),UTC+12:00,https://flagcdn.com/w320/wf.png,False
Germany,Federal Republic of Germany,Berlin,Europe,Western Europe,83240525,357114.0,German,Euro (€),UTC+01:00,https://flagcdn.com/w320/de.png,True
Taiwan,Republic of China (Taiwan),Taipei,Asia,Eastern Asia,23503349,36193.0,Chinese,New Taiwan dollar ($),UTC+08:00,https://flagcdn.com/w320/tw.png,False
United Arab Emirates,United Arab Emirates,Abu Dhabi,Asia,Western Asia,9890400,83600.0,Arabic,United Arab Emirates dirham (د.إ),UTC+04:00,https://flagcdn.com/w320/ae.png,True
Namibia,Republic of Namibia,Windhoek,Africa,Southern Africa,2540916,825615.0,"Afrikaans, German, English, Herero, Khoekhoe, Kwangali, Lozi, Ndonga, Tswana","Namibian dollar ($), South African rand (R)",UTC+01:00,https://flagcdn.com/w320/na.png,True
Monaco,Principality of Monaco,Monaco,Europe,Western Europe,39244,2.02,French,Euro (€),UTC+01:00,https://flagcdn.com/w320/mc.png,True
Malawi,Republic of Malawi,Lilongwe,Africa,Eastern Africa,19129955,118484.0,"English, Chewa",Malawian kwacha (MK),UTC+02:00,https://flagcdn.com/w320/mw.png,True
Azerbaijan,Republic of Azerbaijan,Baku,Asia,Western Asia,10110116,86600.0,Azerbaijani,Azerbaijani manat (₼),UTC+04:00,https://flagcdn.com/w320/az.png,True
Mexico,United Mexican States,Mexico City,Americas,North America,128932753,1964375.0,Spanish,Mexican peso ($),"UTC-08:00, UTC-07:00, UTC-06:00",https://flagcdn.com/w320/mx.png,True
Iraq,Republic of Iraq,Baghdad,Asia,Western Asia,40222503,438317.0,"Arabic, Aramaic, Sorani",Iraqi dinar (ع.د),UTC+03:00,https://flagcdn.com/w320/iq.png,True
Cambodia,Kingdom of Cambodia,Phnom Penh,Asia,South-Eastern Asia,16718971,181035.0,Khmer,"Cambodian riel (៛), United States dollar ($)",UTC+07:00,https://flagcdn.com/w320/kh.png,True
Tuvalu,Tuvalu,Funafuti,Oceania,Polynesia,11792,26.0,"English, Tuvaluan","Australian dollar ($), Tuvaluan dollar ($)",UTC+12:00,https://flagcdn.com/w320/tv.png,True
Cook Islands,Cook Islands,Avarua,Oceania,Polynesia,18100,236.0,"English, Cook Islands Māori","Cook Islands dollar ($), New Zealand dollar ($)",UTC-10:00,https://flagcdn.com/w320/ck.png,False
Haiti,Republic of Haiti,Port-au-Prince,Americas,Caribbean,11402533,27750.0,"French, Haitian Creole",Haitian gourde (G),UTC-05:00,https://flagcdn.com/w320/ht.png,True
Belize,Belize,Belmopan,Americas,Central America,397621,22966.0,"Belizean Creole, English, Spanish",Belize dollar ($),UTC-06:00,https://flagcdn.com/w320/bz.png,True
French Guiana,Guiana,Cayenne,Americas,South America,254541,83534.0,French,Euro (€),UTC-03:00,https://flagcdn.com/w320/gf.png,False
DR Congo,Democratic Republic of the Congo,Kinshasa,Africa,Middle Africa,108407721,2344858.0,"French, Kikongo, Lingala, Tshiluba, Swahili",Congolese franc (FC),"UTC+01:00, UTC+02:00",https://flagcdn.com/w320/cd.png,True
Equatorial Guinea,Republic of Equatorial Guinea,Malabo,Africa,Middle Africa,1402985,28051.0,"French, Portuguese, Spanish",Central African CFA franc (Fr),UTC+01:00,https://flagcdn.com/w320/gq.png,True
Mauritius,Republic of Mauritius,Port Louis,Africa,Eastern Africa,1265740,2040.0,"English, French, Mauritian Creole",Mauritian rupee (₨),UTC+04:00,https://flagcdn.com/w320/mu.png,True
Austria,Republic of Austria,Vienna,Europe,Central Europe,8917205,83871.0,German,Euro (€),UTC+01:00,https://flagcdn.com/w320/at.png,True
Spain,Kingdom of Spain,Madrid,Europe,Southern Europe,47351567,505992.0,"Spanish, Catalan, Basque, Galician",Euro (€),"UTC, UTC+01:00",https://flagcdn.com/w320/es.png,True
Russia,Russian Federation,Moscow,Europe,Eastern Europe,144104080,17098242.0,Russian,Russian ruble (₽),"UTC+03:00, UTC+04:00, UTC+06:00, UTC+07:00, UTC+08:00, UTC+09:00, UTC+10:00, UTC+11:00, UTC+12:00",https://flagcdn.com/w320/ru.png,True
Zimbabwe,Republic of Zimbabwe,Harare,Africa,Southern Africa,14862927,390757.0,"Chibarwe, English, Kalanga, Khoisan, Ndau, Northern Ndebele, Chewa, Shona, Sotho, Tonga, Tswana, Tsonga, Venda, Xhosa, Zimbabwean Sign Language",Zimbabwean dollar ($),UTC+02:00,https://flagcdn.com/w320/zw.png,True
Singapore,Republic of Singapore,Singapore,Asia,South-Eastern Asia,5685807,710.0,"English, Chinese, Malay, Tamil",Singapore dollar ($),UTC+08:00,https://flagcdn.com/w320/sg.png,True
Czechia,Czech Republic,Prague,Europe,Central Europe,10698896,78865.0,"Czech, Slovak",Czech koruna (Kč),UTC+01:00,https://flagcdn.com/w320/cz.png,True
Faroe Islands,Faroe Islands,Tórshavn,Europe,Northern Europe,48865,1393.0,"Danish, Faroese","Danish krone (kr), Faroese króna (kr)",UTC+00:00,https://flagcdn.com/w320/fo.png,False
Oman,Sultanate of Oman,Muscat,Asia,Western Asia,5106622,309500.0,Arabic,Omani rial (ر.ع.),UTC+04:00,https://flagcdn.com/w320/om.png,True
French Southern and Antarctic Lands,Territory of the French Southern and Antarctic Lands,Port-aux-Français,Antarctic,,400,7747.0,French,Euro (€),UTC+05:00,https://flagcdn.com/w320/tf.png,False
Burundi,Republic of Burundi,Gitega,Africa,Eastern Africa,11890781,27834.0,"French, Kirundi",Burundian franc (Fr),UTC+02:00,https://flagcdn.com/w320/bi.png,True
Western Sahara,Sahrawi Arab Democratic Republic,El Aaiún,Africa,Northern Africa,510713,266000.0,"Berber, Hassaniya, Spanish","Algerian dinar (دج), Moroccan dirham (DH), Mauritanian ouguiya (UM)",UTC+00:00,https://flagcdn.com/w320/eh.png,False
Mayotte,Department of Mayotte,Mamoudzou,Africa,Eastern Africa,226915,374.0,French,Euro (€),UTC+03:00,https://flagcdn.com/w320/yt.png,False
Puerto Rico,Commonwealth of Puerto Rico,San Juan,Americas,Caribbean,3194034,8870.0,"English, Spanish",United States dollar ($),UTC-04:00,https://flagcdn.com/w320/pr.png,False
San Marino,Republic of San Marino,City of San Marino,Europe,Southern Europe,33938,61.0,Italian,Euro (€),UTC+01:00,https://flagcdn.com/w320/sm.png,True
Turks and Caicos Islands,Turks and Caicos Islands,Cockburn Town,Americas,Caribbean,38718,948.0,English,United States dollar ($),UTC-04:00,https://flagcdn.com/w320/tc.png,False
Malta,Republic of Malta,Valletta,Europe,Southern Europe,525285,316.0,"English, Maltese",Euro (€),UTC+01:00,https://flagcdn.com/w320/mt.png,True
Nauru,Republic of Nauru,Yaren,Oceania,Micronesia,10834,21.0,"English, Nauru",Australian dollar ($),UTC+12:00,https://flagcdn.com/w320/nr.png,True
Saint Martin,Saint Martin,Marigot,Americas,Caribbean,38659,53.0,French,Euro (€),UTC-04:00,https://flagcdn.com/w320/mf.png,False
French Polynesia,French Polynesia,Papeetē,Oceania,Polynesia,280904,4167.0,French,CFP franc (₣),"UTC-10:00, UTC-09:30, UTC-09:00",https://flagcdn.com/w320/pf.png,False
New Zealand,New Zealand,Wellington,Oceania,Australia and New Zealand,5084300,270467.0,"English, Māori, New Zealand Sign Language",New Zealand dollar ($),"UTC-11:00, UTC-10:00, UTC+12:00, UTC+12:45, UTC+13:00",https://flagcdn.com/w320/nz.png,True
Serbia,Republic of Serbia,Belgrade,Europe,Southeast Europe,6908224,88361.0,Serbian,Serbian dinar (дин.),UTC+01:00,https://flagcdn.com/w320/rs.png,True
Trinidad and Tobago,Republic of Trinidad and Tobago,Port of Spain,Americas,Caribbean,1399491,5130.0,English,Trinidad and Tobago dollar ($),UTC-04:00,https://flagcdn.com/w320/tt.png,True
Saint Barthélemy,Collectivity of Saint Barthélemy,Gustavia,Americas,Caribbean,4255,21.0,French,Euro (€),UTC-04:00,https://flagcdn.com/w320/bl.png,False
Pitcairn Islands,Pitcairn Group of Islands,Adamstown,Oceania,Polynesia,56,47.0,English,New Zealand dollar ($),UTC-08:00,https://flagcdn.com/w320/pn.png,False
Norfolk Island,Territory of Norfolk Island,Kingston,Oceania,Australia and New Zealand,2302,36.0,"English, Norfuk",Australian dollar ($),UTC+11:30,https://flagcdn.com/w320/nf.png,False
Barbados,Barbados,Bridgetown,Americas,Caribbean,287371,430.0,English,Barbadian dollar ($),UTC-04:00,https://flagcdn.com/w320/bb.png,True
South Korea,Republic of Korea,Seoul,Asia,Eastern Asia,51780579,100210.0,Korean,South Korean won (₩),UTC+09:00,https://flagcdn.com/w320/kr.png,True
Bangladesh,People's Republic of Bangladesh,Dhaka,Asia,Southern Asia,164689383,147570.0,Bengali,Bangladeshi taka (৳),UTC+06:00,https://flagcdn.com/w320/bd.png,True
Dominican Republic,Dominican Republic,Santo Domingo,Americas,Caribbean,10847904,48671.0,Spanish,Dominican peso ($),UTC-04:00,https://flagcdn.com/w320/do.png,True
Turkey,Republic of Turkey,Ankara,Asia,Western Asia,84339067,783562.0,Turkish,Turkish lira (₺),UTC+03:00,https://flagcdn.com/w320/tr.png,True
Indonesia,Republic of Indonesia,Nusantara,Asia,South-Eastern Asia,273523621,1904569.0,Indonesian,Indonesian rupiah (Rp),"UTC+07:00, UTC+08:00, UTC+09:00",https://flagcdn.com/w320/id.png,True
Liberia,Republic of Liberia,Monrovia,Africa,Western Africa,5057677,111369.0,English,Liberian dollar ($),UTC,https://flagcdn.com/w320/lr.png,True
Guernsey,Bailiwick of Guernsey,St. Peter Port,Europe,Northern Europe,62999,78.0,"English, French, Guernésiais","British pound (£), Guernsey pound (£)",UTC+00:00,https://flagcdn.com/w320/gg.png,False
Suriname,Republic of Suriname,Paramaribo,Americas,South America,586634,163820.0,Dutch,Surinamese dollar ($),UTC-03:00,https://flagcdn.com/w320/sr.png,True
Albania,Republic of Albania,Tirana,Europe,Southeast Europe,2837743,28748.0,Albanian,Albanian lek (L),UTC+01:00,https://flagcdn.com/w320/al.png,True
Dominica,Commonwealth of Dominica,Roseau,Americas,Caribbean,71991,751.0,English,Eastern Caribbean dollar ($),UTC-04:00,https://flagcdn.com/w320/dm.png,True
Thailand,Kingdom of Thailand,Bangkok,Asia,South-Eastern Asia,69799978,513120.0,Thai,Thai baht (฿),UTC+07:00,https://flagcdn.com/w320/th.png,True
United Kingdom,United Kingdom of Great Britain and Northern Ireland,London,Europe,Northern Europe,67215293,242900.0,English,British pound (£),"UTC-08:00, UTC-05:00, UTC-04:00, UTC-03:00, UTC-02:00, UTC, UTC+01:00, UTC+02:00, UTC+06:00",https://flagcdn.com/w320/gb.png,True
New Caledonia,New Caledonia,Nouméa,Oceania,Melanesia,271960,18575.0,French,CFP franc (₣),UTC+11:00,https://flagcdn.com/w320/nc.png,False
Romania,Romania,Bucharest,Europe,Southeast Europe,19286123,238391.0,Romanian,Romanian leu (lei),UTC+02:00,https://flagcdn.com/w320/ro.png,True
Gibraltar,Gibraltar,Gibraltar,Europe,Southern Europe,33691,6.0,English,Gibraltar pound (£),UTC+01:00,https://flagcdn.com/w320/gi.png,False
Svalbard and Jan Mayen,Svalbard og Jan Mayen,Longyearbyen,Europe,Northern Europe,2562,61399.0,Norwegian,krone (kr),UTC+01:00,https://flagcdn.com/w320/sj.png,False
Angola,Republic of Angola,Luanda,Africa,Middle Africa,32866268,1246700.0,Portuguese,Angolan kwanza (Kz),UTC+01:00,https://flagcdn.com/w320/ao.png,True
Bahamas,Commonwealth of the Bahamas,Nassau,Americas,Caribbean,393248,13943.0,English,"Bahamian dollar ($), United States dollar ($)",UTC-05:00,https://flagcdn.com/w320/bs.png,True
Eswatini,Kingdom of Eswatini,Mbabane,Africa,Southern Africa,1160164,17364.0,"English, Swazi","Swazi lilangeni (L), South African rand (R)",UTC+02:00,https://flagcdn.com/w320/sz.png,True
Brazil,Federative Republic of Brazil,Brasília,Americas,South America,212559409,8515767.0,Portuguese,Brazilian real (R$),"UTC-05:00, UTC-04:00, UTC-03:00, UTC-02:00",https://flagcdn.com/w320/br.png,True
Lithuania,Republic of Lithuania,Vilnius,Europe,Northern Europe,2794700,65300.0,Lithuanian,Euro (€),UTC+02:00,https://flagcdn.com/w320/lt.png,True
Saint Lucia,Saint Lucia,Castries,Americas,Caribbean,183629,616.0,English,Eastern Caribbean dollar ($),UTC-04:00,https://flagcdn.com/w320/lc.png,True
